{
  "attention4_control": {
    "epoch": []
  },
  "depth12_control": {
    "epoch": [
      0.0,
      1.0,
      2.0,
      3.0,
      4.0,
      5.0,
      6.0,
      7.0,
      8.0,
      9.0
    ],
    "step": [
      937.0,
      1875.0,
      2813.0,
      3751.0,
      4689.0,
      5627.0,
      6565.0,
      7503.0,
      8441.0,
      9379.0
    ],
    "val/accuracy": [
      0.5030999779701233,
      0.7010999917984009,
      0.785099983215332,
      0.7991999983787537,
      0.7972000241279602,
      0.8166999816894531,
      0.8267999887466431,
      0.8468999862670898,
      0.852400004863739,
      0.8528000116348267
    ],
    "val/loss": [
      1.689865231513977,
      1.6451467275619507,
      1.602927327156067,
      1.5962567329406738,
      1.591377854347229,
      1.5872026681900024,
      1.5772216320037842,
      1.5652515888214111,
      1.5608857870101929,
      1.560210943222046
    ],
    "dead_neuron_ratio_epoch": [
      0.27639684081077576,
      0.25117212533950806,
      0.23466552793979645,
      0.2297196388244629,
      0.2241659015417099,
      0.22002990543842316,
      0.21679146587848663,
      0.2132955938577652,
      0.20933647453784943,
      0.20627625286579132
    ],
    "dead_neuron_ratio_step": [
      0.26293104887008667,
      0.24137930572032928,
      0.23491379618644714,
      0.22575430572032928,
      0.22629310190677643,
      0.21875,
      0.21336206793785095,
      0.2090517282485962,
      0.2068965584039688,
      0.2079741358757019
    ],
    "train/accuracy_epoch": [
      0.4429500102996826,
      0.6354666948318481,
      0.7334833145141602,
      0.7924666404724121,
      0.8093166947364807,
      0.8257499933242798,
      0.8444666862487793,
      0.8565666675567627,
      0.866266667842865,
      0.8723666667938232
    ],
    "train/loss_epoch": [
      1.7658729553222656,
      1.6464245319366455,
      1.6130558252334595,
      1.5954489707946777,
      1.5862417221069336,
      1.5772111415863037,
      1.5690089464187622,
      1.5604573488235474,
      1.5462899208068848,
      1.542214274406433
    ],
    "best_val_acc": 0.8528000116348267,
    "final_val_acc": 0.8528000116348267,
    "final_dead_ratio": 0.20627625286579132
  },
  "depth12_hybrid": {
    "epoch": [
      0.0,
      1.0,
      2.0,
      3.0,
      4.0,
      5.0,
      6.0,
      7.0,
      8.0,
      9.0
    ],
    "step": [
      937.0,
      1875.0,
      2813.0,
      3751.0,
      4689.0,
      5627.0,
      6565.0,
      7503.0,
      8441.0,
      9379.0
    ],
    "val/accuracy": [
      0.7128999829292297,
      0.7269999980926514,
      0.7533000111579895,
      0.7796000242233276,
      0.7957000136375427,
      0.8048999905586243,
      0.8295999765396118,
      0.8355000019073486,
      0.8450999855995178,
      0.8447999954223633
    ],
    "val/loss": [
      1.6567314863204956,
      1.6429834365844727,
      1.6267814636230469,
      1.6204367876052856,
      1.5985090732574463,
      1.5936871767044067,
      1.5797184705734253,
      1.5862280130386353,
      1.5905311107635498,
      1.590053915977478
    ],
    "dead_neuron_ratio_epoch": [
      0.30276551842689514,
      0.2349899709224701,
      0.20241792500019073,
      0.16766691207885742,
      0.12410466372966766,
      0.08694855123758316,
      0.0635419487953186,
      0.04944080486893654,
      0.04860106483101845,
      0.05295054242014885
    ],
    "dead_neuron_ratio_step": [
      0.2548491358757019,
      0.2149784415960312,
      0.1912715584039688,
      0.14278016984462738,
      0.11961206793785095,
      0.0732758641242981,
      0.05226293206214905,
      0.04903017356991768,
      0.05441810190677643,
      0.05818965658545494
    ],
    "train/accuracy_epoch": [
      0.5864499807357788,
      0.7045999765396118,
      0.7391833066940308,
      0.7652000188827515,
      0.807449996471405,
      0.819516658782959,
      0.8379833102226257,
      0.8486666679382324,
      0.8541833162307739,
      0.8601166605949402
    ],
    "train/loss_epoch": [
      1.7460068464279175,
      1.6511764526367188,
      1.6307772397994995,
      1.6206811666488647,
      1.5992803573608398,
      1.5843168497085571,
      1.577025294303894,
      1.572983980178833,
      1.571053147315979,
      1.5733367204666138
    ],
    "best_val_acc": 0.8450999855995178,
    "final_val_acc": 0.8447999954223633,
    "final_dead_ratio": 0.05295054242014885
  },
  "depth18_control": {
    "epoch": [
      0.0,
      1.0,
      2.0,
      3.0,
      4.0,
      5.0,
      6.0,
      7.0,
      8.0,
      9.0
    ],
    "step": [
      937.0,
      1875.0,
      2813.0,
      3751.0,
      4689.0,
      5627.0,
      6565.0,
      7503.0,
      8441.0,
      9379.0
    ],
    "val/accuracy": [
      0.708899974822998,
      0.7001000046730042,
      0.7261999845504761,
      0.7202000021934509,
      0.77920001745224,
      0.8058000206947327,
      0.8152999877929688,
      0.8170999884605408,
      0.828000009059906,
      0.8271999955177307
    ],
    "val/loss": [
      1.6737186908721924,
      1.631455898284912,
      1.6229926347732544,
      1.6111096143722534,
      1.6017128229141235,
      1.5925521850585938,
      1.5827534198760986,
      1.5764402151107788,
      1.573075771331787,
      1.5707943439483643
    ],
    "dead_neuron_ratio_epoch": [
      0.2990846633911133,
      0.26821595430374146,
      0.2635268568992615,
      0.2575443387031555,
      0.251873642206192,
      0.24995851516723633,
      0.24477125704288483,
      0.24059271812438965,
      0.23777608573436737,
      0.2370682805776596
    ],
    "dead_neuron_ratio_step": [
      0.2669057250022888,
      0.2584528625011444,
      0.25870901346206665,
      0.2561475336551666,
      0.25742828845977783,
      0.25563523173332214,
      0.2451331913471222,
      0.23411884903907776,
      0.2392418086528778,
      0.24487705528736115
    ],
    "train/accuracy_epoch": [
      0.6057000160217285,
      0.7177166938781738,
      0.7289166450500488,
      0.7574833035469055,
      0.7610999941825867,
      0.793316662311554,
      0.8054500222206116,
      0.8268833160400391,
      0.8295166492462158,
      0.8391666412353516
    ],
    "train/loss_epoch": [
      1.7113113403320312,
      1.6323497295379639,
      1.6197940111160278,
      1.6047099828720093,
      1.5936578512191772,
      1.5809104442596436,
      1.5739729404449463,
      1.5665576457977295,
      1.5609710216522217,
      1.5571681261062622
    ],
    "best_val_acc": 0.828000009059906,
    "final_val_acc": 0.8271999955177307,
    "final_dead_ratio": 0.2370682805776596
  },
  "depth18_hybrid": {
    "epoch": [
      0.0,
      1.0,
      2.0,
      3.0,
      4.0,
      5.0,
      6.0,
      7.0,
      8.0,
      9.0
    ],
    "step": [
      937.0,
      1875.0,
      2813.0,
      3751.0,
      4689.0,
      5627.0,
      6565.0,
      7503.0,
      8441.0,
      9379.0
    ],
    "val/accuracy": [
      0.6327999830245972,
      0.669700026512146,
      0.7591000199317932,
      0.7297000288963318,
      0.7954999804496765,
      0.7778000235557556,
      0.7750999927520752,
      0.795799970626831,
      0.7836999893188477,
      0.798799991607666
    ],
    "val/loss": [
      1.6584179401397705,
      1.6341912746429443,
      1.6464091539382935,
      1.6201962232589722,
      1.60100519657135,
      1.6061639785766602,
      1.6122324466705322,
      1.6106716394424438,
      1.6153514385223389,
      1.6229623556137085
    ],
    "dead_neuron_ratio_epoch": [
      0.28432419896125793,
      0.22615204751491547,
      0.2157534807920456,
      0.20294338464736938,
      0.18224751949310303,
      0.17422012984752655,
      0.1859971284866333,
      0.1896888017654419,
      0.17621782422065735,
      0.1630975306034088
    ],